Filename,Top_left_lat,Top_left_lon,Bottom_right_lat,Bottom_right_long
"217513_106598_18.png", 31.833233, 118.708649, 31.832066, 118.710022
"217513_106599_18.png", 31.832066, 118.708649, 31.830899, 118.710022
"217513_106600_18.png", 31.830899, 118.708649, 31.829732, 118.710022
"217514_106598_18.png", 31.833233, 118.710022, 31.832066, 118.711395
"217514_106599_18.png", 31.832066, 118.710022, 31.830899, 118.711395
"217514_106600_18.png", 31.830899, 118.710022, 31.829732, 118.711395
"217515_106598_18.png", 31.833233, 118.711395, 31.832066, 118.712769
"217515_106599_18.png", 31.832066, 118.711395, 31.830899, 118.712769
"217515_106600_18.png", 31.830899, 118.711395, 31.829732, 118.712769
"217516_106598_18.png", 31.833233, 118.712769, 31.832066, 118.714142
"217516_106599_18.png", 31.832066, 118.712769, 31.830899, 118.714142
"217516_106600_18.png", 31.830899, 118.712769, 31.829732, 118.714142
"217517_106598_18.png", 31.833233, 118.714142, 31.832066, 118.715515
"217517_106599_18.png", 31.832066, 118.714142, 31.830899, 118.715515
"217517_106600_18.png", 31.830899, 118.714142, 31.829732, 118.715515
"217518_106598_18.png", 31.833233, 118.715515, 31.832066, 118.716888
"217518_106599_18.png", 31.832066, 118.715515, 31.830899, 118.716888
"217518_106600_18.png", 31.830899, 118.715515, 31.829732, 118.716888
